<?xml version="1.0" encoding="UTF-8"?>
<!-- IMPORTANT: This is an internal file that has been generated
     by the Xilinx ISE software.  Any direct editing or
     changes made to this file may result in unpredictable
     behavior or data corruption.  It is strongly advised that
     users do not edit the contents of this file. -->
<DeviceUsageSummary rev="13">
<DesignStatistics TimeStamp="Tue Sep 15 16:30:10 2020"><group name="MiscellaneousStatistics">
<item name="AGG_BONDED_IO" rev="13">
<attrib name="value" value="41"/></item>
<item name="AGG_IO" rev="13">
<attrib name="value" value="41"/></item>
<item name="AGG_SLICE" rev="13">
<attrib name="value" value="93"/></item>
<item name="NUM_BONDED_IOB" rev="13">
<attrib name="value" value="41"/></item>
<item name="NUM_BSFULL" rev="13">
<attrib name="value" value="41"/></item>
<item name="NUM_BSLUTONLY" rev="13">
<attrib name="value" value="167"/></item>
<item name="NUM_BSREGONLY" rev="13">
<attrib name="value" value="17"/></item>
<item name="NUM_BSUSED" rev="13">
<attrib name="value" value="225"/></item>
<item name="NUM_BUFG" rev="13">
<attrib name="value" value="1"/></item>
<item name="NUM_LOGIC_O5ANDO6" rev="13">
<attrib name="value" value="43"/></item>
<item name="NUM_LOGIC_O5ONLY" rev="13">
<attrib name="value" value="26"/></item>
<item name="NUM_LOGIC_O6ONLY" rev="13">
<attrib name="value" value="136"/></item>
<item name="NUM_LUT_RT_DRIVES_CARRY4" rev="13">
<attrib name="value" value="2"/></item>
<item name="NUM_LUT_RT_DRIVES_FLOP" rev="13">
<attrib name="value" value="1"/></item>
<item name="NUM_LUT_RT_EXO5" rev="13">
<attrib name="value" value="1"/></item>
<item name="NUM_LUT_RT_EXO6" rev="13">
<attrib name="value" value="2"/></item>
<item name="NUM_LUT_RT_O5" rev="13">
<attrib name="value" value="5"/></item>
<item name="NUM_LUT_RT_O6" rev="13">
<attrib name="value" value="26"/></item>
<item name="NUM_RAMB16BWER" rev="13">
<attrib name="value" value="24"/></item>
<item name="NUM_SLICEL" rev="13">
<attrib name="value" value="19"/></item>
<item name="NUM_SLICEX" rev="13">
<attrib name="value" value="74"/></item>
<item name="NUM_SLICE_CARRY4" rev="13">
<attrib name="value" value="18"/></item>
<item name="NUM_SLICE_CONTROLSET" rev="13">
<attrib name="value" value="5"/></item>
<item name="NUM_SLICE_CYINIT" rev="13">
<attrib name="value" value="287"/></item>
<item name="NUM_SLICE_F7MUX" rev="13">
<attrib name="value" value="1"/></item>
<item name="NUM_SLICE_FF" rev="13">
<attrib name="value" value="60"/></item>
<item name="NUM_SLICE_UNUSEDCTRL" rev="13">
<attrib name="value" value="57"/></item>
<item name="NUM_UNUSABLE_FF_BELS" rev="13">
<attrib name="value" value="20"/></item>
</group>
</DesignStatistics>
<CmdHistory>
</CmdHistory>
</DeviceUsageSummary>
